Workbook

Sheet About
A1: A/R tracker — 90+ outstanding extract (de-identified)
A3: This sample is 90+ only: one row per patient account on a 23 Sep 2026 90+ outstanding extract, not one row per open charge, and not the full open A/R board. Do not compare this file's mix to the case-study story (31.4% to 18.7% of all open A/R). Placeholder IDs only (RP-100x / P-20xx), not PMS IDs. No real names. Most recent visit and next appointment are demo fields; next appointment uses TODAY()+n so dates stay after today. Some responsible parties cover 2-3 patients.
A10: Snapshot | B10: 46288
A11: Rows (patient accounts) | B11: 110
A12: Grain | B12: One row per patient account on the 90+ extract (not per charge)
A13: See | B13: Ledger · Calcs · Aging pivot (tables + pie)

Sheet Ledger
A1: Responsible Party Patient ID | B1: Patient ID | C1: Most recent visit | D1: Next appointment | E1: Total owing | F1: Patient total owing | G1: Insurance total owing | H1: Patient 0–30 | I1: Patient 31–60 | J1: Patient 61–90 | K1: Patient over 90 | L1: Insurance 0–30 | M1: Insurance 31–60 | N1: Insurance 61–90 | O1: Insurance over 90 | P1: Primary bucket | Q1: Has next appointment | R1: Days since last visit
A2: RP-1001 | B2: P-2001 | C2: 46101 | E2: 6.4 | F2: 6.4 | G2: 0 | H2: 0 | I2: 0 | J2: 0 | K2: 6.4 | L2: 0 | M2: 0 | N2: 0 | O2: 0 | P2: 90+ | Q2: No | R2: =DATE(2026,9,23)-C2
A3: RP-1002 | B3: P-2002 | C3: 45941 | D3: =TODAY()+54 | E3: 53.4 | F3: 53.4 | G3: 0 | H3: 0 | I3: 0 | J3: 0 | K3: 53.4 | L3: 0 | M3: 0 | N3: 0 | O3: 0 | P3: 90+ | Q3: Yes | R3: =DATE(2026,9,23)-C3
A4: RP-1003 | B4: P-2003 | C4: 46131 | E4: 36 | F4: 36 | G4: 0 | H4: 0 | I4: 0 | J4: 0 | K4: 36 | L4: 0 | M4: 0 | N4: 0 | O4: 0 | P4: 90+ | Q4: No | R4: =DATE(2026,9,23)-C4
A5: RP-1003 | B5: P-2004 | C5: 46020 | E5: 18.3 | F5: 18.3 | G5: 0 | H5: 0 | I5: 0 | J5: 0 | K5: 18.3 | L5: 0 | M5: 0 | N5: 0 | O5: 0 | P5: 90+ | Q5: No | R5: =DATE(2026,9,23)-C5
A6: RP-1003 | B6: P-2005 | C6: 45890 | E6: 95 | F6: 95 | G6: 0 | H6: 0 | I6: 0 | J6: 0 | K6: 95 | L6: 0 | M6: 0 | N6: 0 | O6: 0 | P6: 90+ | Q6: No | R6: =DATE(2026,9,23)-C6
A7: RP-1004 | B7: P-2006 | C7: 45937 | E7: 30 | F7: 30 | G7: 0 | H7: 0 | I7: 0 | J7: 0 | K7: 30 | L7: 0 | M7: 0 | N7: 0 | O7: 0 | P7: 90+ | Q7: No | R7: =DATE(2026,9,23)-C7
A8: RP-1005 | B8: P-2007 | C8: 45961 | D8: =TODAY()+29 | E8: 95 | F8: 95 | G8: 0 | H8: 0 | I8: 0 | J8: 0 | K8: 95 | L8: 0 | M8: 0 | N8: 0 | O8: 0 | P8: 90+ | Q8: Yes | R8: =DATE(2026,9,23)-C8
A9: RP-1006 | B9: P-2008 | C9: 46021 | E9: 42.5 | F9: 42.5 | G9: 0 | H9: 0 | I9: 0 | J9: 0 | K9: 42.5 | L9: 0 | M9: 0 | N9: 0 | O9: 0 | P9: 90+ | Q9: No | R9: =DATE(2026,9,23)-C9
A10: RP-1006 | B10: P-2009 | C10: 45978 | E10: 11 | F10: 11 | G10: 0 | H10: 0 | I10: 0 | J10: 0 | K10: 11 | L10: 0 | M10: 0 | N10: 0 | O10: 0 | P10: 90+ | Q10: No | R10: =DATE(2026,9,23)-C10
A11: RP-1007 | B11: P-2010 | C11: 46097 | E11: 303 | F11: 303 | G11: 0 | H11: 0 | I11: 0 | J11: 0 | K11: 303 | L11: 0 | M11: 0 | N11: 0 | O11: 0 | P11: 90+ | Q11: No | R11: =DATE(2026,9,23)-C11
A12: RP-1004 | B12: P-2006 | C12: 45937 | E12: 24 | F12: 24 | G12: 0 | H12: 0 | I12: 0 | J12: 0 | K12: 24 | L12: 0 | M12: 0 | N12: 0 | O12: 0 | P12: 90+ | Q12: No | R12: =DATE(2026,9,23)-C12
A13: RP-1007 | B13: P-2011 | C13: 46122 | E13: 137.5 | F13: 137.5 | G13: 0 | H13: 0 | I13: 0 | J13: 0 | K13: 137.5 | L13: 0 | M13: 0 | N13: 0 | O13: 0 | P13: 90+ | Q13: No | R13: =DATE(2026,9,23)-C13
A14: RP-1008 | B14: P-2012 | C14: 45917 | E14: 40 | F14: 40 | G14: 0 | H14: 0 | I14: 0 | J14: 0 | K14: 40 | L14: 0 | M14: 0 | N14: 0 | O14: 0 | P14: 90+ | Q14: No | R14: =DATE(2026,9,23)-C14
A15: RP-1003 | B15: P-2003 | C15: 46131 | E15: 15 | F15: 15 | G15: 0 | H15: 0 | I15: 0 | J15: 0 | K15: 15 | L15: 0 | M15: 0 | N15: 0 | O15: 0 | P15: 90+ | Q15: No | R15: =DATE(2026,9,23)-C15
A16: RP-1009 | B16: P-2013 | C16: 46152 | E16: 39.6 | F16: 39.6 | G16: 0 | H16: 0 | I16: 0 | J16: 0 | K16: 39.6 | L16: 0 | M16: 0 | N16: 0 | O16: 0 | P16: 90+ | Q16: No | R16: =DATE(2026,9,23)-C16
A17: RP-1009 | B17: P-2014 | C17: 45950 | E17: 61 | F17: 61 | G17: 0 | H17: 0 | I17: 0 | J17: 0 | K17: 61 | L17: 0 | M17: 0 | N17: 0 | O17: 0 | P17: 90+ | Q17: No | R17: =DATE(2026,9,23)-C17
A18: RP-1009 | B18: P-2015 | C18: 46022 | D18: =TODAY()+29 | E18: 40.05 | F18: 40.05 | G18: 0 | H18: 0 | I18: 0 | J18: 0 | K18: 40.05 | L18: 0 | M18: 0 | N18: 0 | O18: 0 | P18: 90+ | Q18: Yes | R18: =DATE(2026,9,23)-C18
A19: RP-1010 | B19: P-2016 | C19: 45984 | E19: 83.2 | F19: 83.2 | G19: 0 | H19: 0 | I19: 0 | J19: 0 | K19: 83.2 | L19: 0 | M19: 0 | N19: 0 | O19: 0 | P19: 90+ | Q19: No | R19: =DATE(2026,9,23)-C19
A20: RP-1010 | B20: P-2017 | C20: 45942 | D20: =TODAY()+23 | E20: 30 | F20: 30 | G20: 0 | H20: 0 | I20: 0 | J20: 0 | K20: 30 | L20: 0 | M20: 0 | N20: 0 | O20: 0 | P20: 90+ | Q20: Yes | R20: =DATE(2026,9,23)-C20
A21: RP-1005 | B21: P-2007 | C21: 45961 | D21: =TODAY()+29 | E21: 195 | F21: 195 | G21: 0 | H21: 0 | I21: 0 | J21: 0 | K21: 195 | L21: 0 | M21: 0 | N21: 0 | O21: 0 | P21: 90+ | Q21: Yes | R21: =DATE(2026,9,23)-C21
A22: RP-1011 | B22: P-2018 | C22: 46036 | D22: =TODAY()+20 | E22: 37 | F22: 37 | G22: 0 | H22: 0 | I22: 0 | J22: 0 | K22: 37 | L22: 0 | M22: 0 | N22: 0 | O22: 0 | P22: 90+ | Q22: Yes | R22: =DATE(2026,9,23)-C22
A23: RP-1012 | B23: P-2019 | C23: 46181 | D23: =TODAY()+59 | E23: 4 | F23: 4 | G23: 0 | H23: 0 | I23: 0 | J23: 0 | K23: 4 | L23: 0 | M23: 0 | N23: 0 | O23: 0 | P23: 90+ | Q23: Yes | R23: =DATE(2026,9,23)-C23
A24: RP-1012 | B24: P-2020 | C24: 46008 | E24: 109 | F24: 109 | G24: 0 | H24: 0 | I24: 0 | J24: 0 | K24: 109 | L24: 0 | M24: 0 | N24: 0 | O24: 0 | P24: 90+ | Q24: No | R24: =DATE(2026,9,23)-C24
A25: RP-1012 | B25: P-2021 | C25: 46158 | E25: 159.7 | F25: 159.7 | G25: 0 | H25: 0 | I25: 0 | J25: 0 | K25: 159.7 | L25: 0 | M25: 0 | N25: 0 | O25: 0 | P25: 90+ | Q25: No | R25: =DATE(2026,9,23)-C25
A26: RP-1008 | B26: P-2012 | C26: 45917 | E26: 59.6 | F26: 59.6 | G26: 0 | H26: 0 | I26: 0 | J26: 0 | K26: 59.6 | L26: 0 | M26: 0 | N26: 0 | O26: 0 | P26: 90+ | Q26: No | R26: =DATE(2026,9,23)-C26
A27: RP-1013 | B27: P-2022 | C27: 45961 | E27: 53.4 | F27: 53.4 | G27: 0 | H27: 0 | I27: 0 | J27: 0 | K27: 53.4 | L27: 0 | M27: 0 | N27: 0 | O27: 0 | P27: 90+ | Q27: No | R27: =DATE(2026,9,23)-C27
A28: RP-1014 | B28: P-2023 | C28: 46047 | D28: =TODAY()+41 | E28: 14 | F28: 14 | G28: 0 | H28: 0 | I28: 0 | J28: 0 | K28: 14 | L28: 0 | M28: 0 | N28: 0 | O28: 0 | P28: 90+ | Q28: Yes | R28: =DATE(2026,9,23)-C28
A29: RP-1015 | B29: P-2024 | C29: 46079 | D29: =TODAY()+10 | E29: 1431.34 | F29: 1431.34 | G29: 0 | H29: 0 | I29: 0 | J29: 0 | K29: 1431.34 | L29: 0 | M29: 0 | N29: 0 | O29: 0 | P29: 90+ | Q29: Yes | R29: =DATE(2026,9,23)-C29
A30: RP-1009 | B30: P-2013 | C30: 46152 | E30: 109.6 | F30: 109.6 | G30: 0 | H30: 0 | I30: 0 | J30: 0 | K30: 109.6 | L30: 0 | M30: 0 | N30: 0 | O30: 0 | P30: 90+ | Q30: No | R30: =DATE(2026,9,23)-C30
A31: RP-1015 | B31: P-2025 | C31: 45945 | E31: 30 | F31: 30 | G31: 0 | H31: 0 | I31: 0 | J31: 0 | K31: 30 | L31: 0 | M31: 0 | N31: 0 | O31: 0 | P31: 90+ | Q31: No | R31: =DATE(2026,9,23)-C31
A32: RP-1016 | B32: P-2026 | C32: 46065 | D32: =TODAY()+24 | E32: 2 | F32: 2 | G32: 0 | H32: 0 | I32: 0 | J32: 0 | K32: 2 | L32: 0 | M32: 0 | N32: 0 | O32: 0 | P32: 90+ | Q32: Yes | R32: =DATE(2026,9,23)-C32
A33: RP-1017 | B33: P-2027 | C33: 46170 | E33: 23 | F33: 23 | G33: 0 | H33: 0 | I33: 0 | J33: 0 | K33: 23 | L33: 0 | M33: 0 | N33: 0 | O33: 0 | P33: 90+ | Q33: No | R33: =DATE(2026,9,23)-C33
A34: RP-1017 | B34: P-2028 | C34: 45931 | E34: 16 | F34: 16 | G34: 0 | H34: 0 | I34: 0 | J34: 0 | K34: 16 | L34: 0 | M34: 0 | N34: 0 | O34: 0 | P34: 90+ | Q34: No | R34: =DATE(2026,9,23)-C34
A35: RP-1017 | B35: P-2027 | C35: 46170 | E35: 6.3 | F35: 6.3 | G35: 0 | H35: 0 | I35: 0 | J35: 0 | K35: 6.3 | L35: 0 | M35: 0 | N35: 0 | O35: 0 | P35: 90+ | Q35: No | R35: =DATE(2026,9,23)-C35
A36: RP-1005 | B36: P-2007 | C36: 45961 | D36: =TODAY()+29 | E36: 233 | F36: 233 | G36: 0 | H36: 0 | I36: 0 | J36: 0 | K36: 233 | L36: 0 | M36: 0 | N36: 0 | O36: 0 | P36: 90+ | Q36: Yes | R36: =DATE(2026,9,23)-C36
A37: RP-1017 | B37: P-2029 | C37: 46067 | E37: 103.25 | F37: 103.25 | G37: 0 | H37: 0 | I37: 0 | J37: 0 | K37: 103.25 | L37: 0 | M37: 0 | N37: 0 | O37: 0 | P37: 90+ | Q37: No | R37: =DATE(2026,9,23)-C37
A38: RP-1018 | B38: P-2030 | C38: 46048 | E38: 30 | F38: 30 | G38: 0 | H38: 0 | I38: 0 | J38: 0 | K38: 30 | L38: 0 | M38: 0 | N38: 0 | O38: 0 | P38: 90+ | Q38: No | R38: =DATE(2026,9,23)-C38
A39: RP-1018 | B39: P-2031 | C39: 45906 | D39: =TODAY()+8 | E39: 16 | F39: 16 | G39: 0 | H39: 0 | I39: 0 | J39: 0 | K39: 16 | L39: 0 | M39: 0 | N39: 0 | O39: 0 | P39: 90+ | Q39: Yes | R39: =DATE(2026,9,23)-C39
A40: RP-1019 | B40: P-2032 | C40: 46141 | E40: 2226.15 | F40: 1228.78 | G40: 997.37 | H40: 0 | I40: 0 | J40: 0 | K40: 1228.78 | L40: 0 | M40: 0 | N40: 0 | O40: 997.37 | P40: 90+ | Q40: No | R40: =DATE(2026,9,23)-C40
A41: RP-1020 | B41: P-2033 | C41: 46020 | E41: 15 | F41: 15 | G41: 0 | H41: 0 | I41: 0 | J41: 0 | K41: 15 | L41: 0 | M41: 0 | N41: 0 | O41: 0 | P41: 90+ | Q41: No | R41: =DATE(2026,9,23)-C41
A42: RP-1020 | B42: P-2034 | C42: 45921 | E42: 46 | F42: 46 | G42: 0 | H42: 0 | I42: 0 | J42: 0 | K42: 46 | L42: 0 | M42: 0 | N42: 0 | O42: 0 | P42: 90+ | Q42: No | R42: =DATE(2026,9,23)-C42
A43: RP-1021 | B43: P-2035 | C43: 45935 | D43: =TODAY()+54 | E43: 30 | F43: 30 | G43: 0 | H43: 0 | I43: 0 | J43: 0 | K43: 30 | L43: 0 | M43: 0 | N43: 0 | O43: 0 | P43: 90+ | Q43: Yes | R43: =DATE(2026,9,23)-C43
A44: RP-1009 | B44: P-2014 | C44: 45950 | E44: 72 | F44: 72 | G44: 0 | H44: 0 | I44: 0 | J44: 0 | K44: 72 | L44: 0 | M44: 0 | N44: 0 | O44: 0 | P44: 90+ | Q44: No | R44: =DATE(2026,9,23)-C44
A45: RP-1022 | B45: P-2036 | C45: 45893 | E45: 2.6 | F45: 2.6 | G45: 0 | H45: 0 | I45: 0 | J45: 0 | K45: 2.6 | L45: 0 | M45: 0 | N45: 0 | O45: 0 | P45: 90+ | Q45: No | R45: =DATE(2026,9,23)-C45
A46: RP-1014 | B46: P-2023 | C46: 46047 | D46: =TODAY()+41 | E46: 30 | F46: 30 | G46: 0 | H46: 0 | I46: 0 | J46: 0 | K46: 30 | L46: 0 | M46: 0 | N46: 0 | O46: 0 | P46: 90+ | Q46: Yes | R46: =DATE(2026,9,23)-C46
A47: RP-1015 | B47: P-2024 | C47: 46079 | D47: =TODAY()+10 | E47: 108.6 | F47: 108.6 | G47: 0 | H47: 0 | I47: 0 | J47: 0 | K47: 108.6 | L47: 0 | M47: 0 | N47: 0 | O47: 0 | P47: 90+ | Q47: Yes | R47: =DATE(2026,9,23)-C47
A48: RP-1009 | B48: P-2013 | C48: 46152 | E48: 138 | F48: 138 | G48: 0 | H48: 0 | I48: 0 | J48: 0 | K48: 138 | L48: 0 | M48: 0 | N48: 0 | O48: 0 | P48: 90+ | Q48: No | R48: =DATE(2026,9,23)-C48
A49: RP-1023 | B49: P-2037 | C49: 46010 | E49: 366 | F49: 366 | G49: 0 | H49: 0 | I49: 0 | J49: 0 | K49: 366 | L49: 0 | M49: 0 | N49: 0 | O49: 0 | P49: 90+ | Q49: No | R49: =DATE(2026,9,23)-C49
A50: RP-1023 | B50: P-2038 | C50: 46189 | E50: 984 | F50: 984 | G50: 0 | H50: 0 | I50: 0 | J50: 0 | K50: 984 | L50: 0 | M50: 0 | N50: 0 | O50: 0 | P50: 90+ | Q50: No | R50: =DATE(2026,9,23)-C50
A51: RP-1024 | B51: P-2039 | C51: 45956 | D51: =TODAY()+65 | E51: 50 | F51: 50 | G51: 0 | H51: 0 | I51: 0 | J51: 0 | K51: 50 | L51: 0 | M51: 0 | N51: 0 | O51: 0 | P51: 90+ | Q51: Yes | R51: =DATE(2026,9,23)-C51
A52: RP-1025 | B52: P-2040 | C52: 45901 | E52: 28.4 | F52: 28.4 | G52: 0 | H52: 0 | I52: 0 | J52: 0 | K52: 28.4 | L52: 0 | M52: 0 | N52: 0 | O52: 0 | P52: 90+ | Q52: No | R52: =DATE(2026,9,23)-C52
A53: RP-1026 | B53: P-2041 | C53: 45983 | E53: 277 | F53: 277 | G53: 0 | H53: 0 | I53: 0 | J53: 0 | K53: 277 | L53: 0 | M53: 0 | N53: 0 | O53: 0 | P53: 90+ | Q53: No | R53: =DATE(2026,9,23)-C53
A54: RP-1027 | B54: P-2042 | C54: 46169 | E54: 66 | F54: 66 | G54: 0 | H54: 0 | I54: 0 | J54: 0 | K54: 66 | L54: 0 | M54: 0 | N54: 0 | O54: 0 | P54: 90+ | Q54: No | R54: =DATE(2026,9,23)-C54
A55: RP-1010 | B55: P-2016 | C55: 45984 | E55: 99.6 | F55: 99.6 | G55: 0 | H55: 0 | I55: 0 | J55: 0 | K55: 99.6 | L55: 0 | M55: 0 | N55: 0 | O55: 0 | P55: 90+ | Q55: No | R55: =DATE(2026,9,23)-C55
A56: RP-1027 | B56: P-2043 | C56: 46065 | E56: 848.5 | F56: 848.5 | G56: 0 | H56: 0 | I56: 0 | J56: 0 | K56: 848.5 | L56: 0 | M56: 0 | N56: 0 | O56: 0 | P56: 90+ | Q56: No | R56: =DATE(2026,9,23)-C56
A57: RP-1027 | B57: P-2044 | C57: 45898 | D57: =TODAY()+23 | E57: 30.6 | F57: 30.6 | G57: 0 | H57: 0 | I57: 0 | J57: 0 | K57: 30.6 | L57: 0 | M57: 0 | N57: 0 | O57: 0 | P57: 90+ | Q57: Yes | R57: =DATE(2026,9,23)-C57
A58: RP-1028 | B58: P-2045 | C58: 46168 | E58: 50 | F58: 50 | G58: 0 | H58: 0 | I58: 0 | J58: 0 | K58: 50 | L58: 0 | M58: 0 | N58: 0 | O58: 0 | P58: 90+ | Q58: No | R58: =DATE(2026,9,23)-C58
A59: RP-1025 | B59: P-2040 | C59: 45901 | E59: 12.4 | F59: 12.4 | G59: 0 | H59: 0 | I59: 0 | J59: 0 | K59: 12.4 | L59: 0 | M59: 0 | N59: 0 | O59: 0 | P59: 90+ | Q59: No | R59: =DATE(2026,9,23)-C59
A60: RP-1029 | B60: P-2046 | C60: 46020 | E60: 0.2 | F60: 0.2 | G60: 0 | H60: 0 | I60: 0 | J60: 0 | K60: 0.2 | L60: 0 | M60: 0 | N60: 0 | O60: 0 | P60: 90+ | Q60: No | R60: =DATE(2026,9,23)-C60
A61: RP-1029 | B61: P-2047 | C61: 45962 | D61: =TODAY()+62 | E61: 107 | F61: 107 | G61: 0 | H61: 0 | I61: 0 | J61: 0 | K61: 107 | L61: 0 | M61: 0 | N61: 0 | O61: 0 | P61: 90+ | Q61: Yes | R61: =DATE(2026,9,23)-C61
A62: RP-1030 | B62: P-2048 | C62: 46262 | D62: =TODAY()+18 | E62: 357 | F62: 0 | G62: 357 | H62: 0 | I62: 0 | J62: 0 | K62: 0 | L62: 0 | M62: 0 | N62: 0 | O62: 357 | P62: 90+ | Q62: Yes | R62: =DATE(2026,9,23)-C62
A63: RP-1030 | B63: P-2049 | C63: 46165 | E63: 3362.32 | F63: 3362.32 | G63: 0 | H63: 0 | I63: 0 | J63: 0 | K63: 3362.32 | L63: 0 | M63: 0 | N63: 0 | O63: 0 | P63: 90+ | Q63: No | R63: =DATE(2026,9,23)-C63
A64: RP-1031 | B64: P-2050 | C64: 45901 | E64: 15.2 | F64: 15.2 | G64: 0 | H64: 0 | I64: 0 | J64: 0 | K64: 15.2 | L64: 0 | M64: 0 | N64: 0 | O64: 0 | P64: 90+ | Q64: No | R64: =DATE(2026,9,23)-C64
A65: RP-1032 | B65: P-2051 | C65: 45917 | D65: =TODAY()+36 | E65: 116 | F65: 116 | G65: 0 | H65: 0 | I65: 0 | J65: 0 | K65: 116 | L65: 0 | M65: 0 | N65: 0 | O65: 0 | P65: 90+ | Q65: Yes | R65: =DATE(2026,9,23)-C65
A66: RP-1027 | B66: P-2042 | C66: 46169 | E66: 30 | F66: 30 | G66: 0 | H66: 0 | I66: 0 | J66: 0 | K66: 30 | L66: 0 | M66: 0 | N66: 0 | O66: 0 | P66: 90+ | Q66: No | R66: =DATE(2026,9,23)-C66
A67: RP-1033 | B67: P-2052 | C67: 46029 | E67: 21.8 | F67: 21.8 | G67: 0 | H67: 0 | I67: 0 | J67: 0 | K67: 21.8 | L67: 0 | M67: 0 | N67: 0 | O67: 0 | P67: 90+ | Q67: No | R67: =DATE(2026,9,23)-C67
A68: RP-1033 | B68: P-2053 | C68: 45907 | E68: 88 | F68: 88 | G68: 0 | H68: 0 | I68: 0 | J68: 0 | K68: 88 | L68: 0 | M68: 0 | N68: 0 | O68: 0 | P68: 90+ | Q68: No | R68: =DATE(2026,9,23)-C68
A69: RP-1034 | B69: P-2054 | C69: 45925 | D69: =TODAY()+70 | E69: 50 | F69: 50 | G69: 0 | H69: 0 | I69: 0 | J69: 0 | K69: 50 | L69: 0 | M69: 0 | N69: 0 | O69: 0 | P69: 90+ | Q69: Yes | R69: =DATE(2026,9,23)-C69
A70: RP-1035 | B70: P-2055 | C70: 46056 | D70: =TODAY()+31 | E70: 20.8 | F70: 20.8 | G70: 0 | H70: 0 | I70: 0 | J70: 0 | K70: 20.8 | L70: 0 | M70: 0 | N70: 0 | O70: 0 | P70: 90+ | Q70: Yes | R70: =DATE(2026,9,23)-C70
A71: RP-1035 | B71: P-2056 | C71: 46010 | E71: 109 | F71: 109 | G71: 0 | H71: 0 | I71: 0 | J71: 0 | K71: 109 | L71: 0 | M71: 0 | N71: 0 | O71: 0 | P71: 90+ | Q71: No | R71: =DATE(2026,9,23)-C71
A72: RP-1015 | B72: P-2024 | C72: 46079 | D72: =TODAY()+10 | E72: 311 | F72: 90 | G72: 221 | H72: 0 | I72: 0 | J72: 0 | K72: 90 | L72: 0 | M72: 0 | N72: 0 | O72: 221 | P72: 90+ | Q72: Yes | R72: =DATE(2026,9,23)-C72
A73: RP-1009 | B73: P-2013 | C73: 46152 | E73: 61.2 | F73: 61.2 | G73: 0 | H73: 0 | I73: 0 | J73: 0 | K73: 61.2 | L73: 0 | M73: 0 | N73: 0 | O73: 0 | P73: 90+ | Q73: No | R73: =DATE(2026,9,23)-C73
A74: RP-1036 | B74: P-2057 | C74: 45986 | E74: 124.8 | F74: 124.8 | G74: 0 | H74: 0 | I74: 0 | J74: 0 | K74: 124.8 | L74: 0 | M74: 0 | N74: 0 | O74: 0 | P74: 90+ | Q74: No | R74: =DATE(2026,9,23)-C74
A75: RP-1036 | B75: P-2058 | C75: 45942 | D75: =TODAY()+23 | E75: 208 | F75: 208 | G75: 0 | H75: 0 | I75: 0 | J75: 0 | K75: 208 | L75: 0 | M75: 0 | N75: 0 | O75: 0 | P75: 90+ | Q75: Yes | R75: =DATE(2026,9,23)-C75
A76: RP-1037 | B76: P-2059 | C76: 46090 | D76: =TODAY()+17 | E76: 30 | F76: 30 | G76: 0 | H76: 0 | I76: 0 | J76: 0 | K76: 30 | L76: 0 | M76: 0 | N76: 0 | O76: 0 | P76: 90+ | Q76: Yes | R76: =DATE(2026,9,23)-C76
A77: RP-1038 | B77: P-2060 | C77: 45925 | D77: =TODAY()+42 | E77: 3180 | F77: 3180 | G77: 0 | H77: 0 | I77: 0 | J77: 0 | K77: 3180 | L77: 0 | M77: 0 | N77: 0 | O77: 0 | P77: 90+ | Q77: Yes | R77: =DATE(2026,9,23)-C77
A78: RP-1039 | B78: P-2061 | C78: 46098 | E78: 72.4 | F78: 72.4 | G78: 0 | H78: 0 | I78: 0 | J78: 0 | K78: 72.4 | L78: 0 | M78: 0 | N78: 0 | O78: 0 | P78: 90+ | Q78: No | R78: =DATE(2026,9,23)-C78
A79: RP-1025 | B79: P-2040 | C79: 45901 | E79: 17 | F79: 17 | G79: 0 | H79: 0 | I79: 0 | J79: 0 | K79: 17 | L79: 0 | M79: 0 | N79: 0 | O79: 0 | P79: 90+ | Q79: No | R79: =DATE(2026,9,23)-C79
A80: RP-1040 | B80: P-2062 | C80: 46010 | E80: 82 | F80: 82 | G80: 0 | H80: 0 | I80: 0 | J80: 0 | K80: 82 | L80: 0 | M80: 0 | N80: 0 | O80: 0 | P80: 90+ | Q80: No | R80: =DATE(2026,9,23)-C80
A81: RP-1040 | B81: P-2063 | C81: 45938 | E81: 50 | F81: 50 | G81: 0 | H81: 0 | I81: 0 | J81: 0 | K81: 50 | L81: 0 | M81: 0 | N81: 0 | O81: 0 | P81: 90+ | Q81: No | R81: =DATE(2026,9,23)-C81
A82: RP-1041 | B82: P-2064 | C82: 45939 | E82: 68.6 | F82: 68.6 | G82: 0 | H82: 0 | I82: 0 | J82: 0 | K82: 68.6 | L82: 0 | M82: 0 | N82: 0 | O82: 0 | P82: 90+ | Q82: No | R82: =DATE(2026,9,23)-C82
A83: RP-1042 | B83: P-2065 | C83: 46058 | E83: 68.6 | F83: 68.6 | G83: 0 | H83: 0 | I83: 0 | J83: 0 | K83: 68.6 | L83: 0 | M83: 0 | N83: 0 | O83: 0 | P83: 90+ | Q83: No | R83: =DATE(2026,9,23)-C83
A84: RP-1043 | B84: P-2066 | C84: 45938 | E84: 339 | F84: 339 | G84: 0 | H84: 0 | I84: 0 | J84: 0 | K84: 339 | L84: 0 | M84: 0 | N84: 0 | O84: 0 | P84: 90+ | Q84: No | R84: =DATE(2026,9,23)-C84
A85: RP-1044 | B85: P-2067 | C85: 46005 | D85: =TODAY()+37 | E85: 208 | F85: 208 | G85: 0 | H85: 0 | I85: 0 | J85: 0 | K85: 208 | L85: 0 | M85: 0 | N85: 0 | O85: 0 | P85: 90+ | Q85: Yes | R85: =DATE(2026,9,23)-C85
A86: RP-1045 | B86: P-2068 | C86: 45911 | E86: 21.2 | F86: 21.2 | G86: 0 | H86: 0 | I86: 0 | J86: 0 | K86: 21.2 | L86: 0 | M86: 0 | N86: 0 | O86: 0 | P86: 90+ | Q86: No | R86: =DATE(2026,9,23)-C86
A87: RP-1046 | B87: P-2069 | C87: 45896 | D87: =TODAY()+10 | E87: 10.5 | F87: 10.5 | G87: 0 | H87: 0 | I87: 0 | J87: 0 | K87: 10.5 | L87: 0 | M87: 0 | N87: 0 | O87: 0 | P87: 90+ | Q87: Yes | R87: =DATE(2026,9,23)-C87
A88: RP-1047 | B88: P-2070 | C88: 45942 | E88: 54 | F88: 54 | G88: 0 | H88: 0 | I88: 0 | J88: 0 | K88: 54 | L88: 0 | M88: 0 | N88: 0 | O88: 0 | P88: 90+ | Q88: No | R88: =DATE(2026,9,23)-C88
A89: RP-1048 | B89: P-2071 | C89: 46046 | E89: 22 | F89: 22 | G89: 0 | H89: 0 | I89: 0 | J89: 0 | K89: 22 | L89: 0 | M89: 0 | N89: 0 | O89: 0 | P89: 90+ | Q89: No | R89: =DATE(2026,9,23)-C89
A90: RP-1048 | B90: P-2072 | C90: 46000 | E90: 9.6 | F90: 9.6 | G90: 0 | H90: 0 | I90: 0 | J90: 0 | K90: 9.6 | L90: 0 | M90: 0 | N90: 0 | O90: 0 | P90: 90+ | Q90: No | R90: =DATE(2026,9,23)-C90
A91: RP-1049 | B91: P-2073 | C91: 46074 | D91: =TODAY()+28 | E91: 21.2 | F91: 21.2 | G91: 0 | H91: 0 | I91: 0 | J91: 0 | K91: 21.2 | L91: 0 | M91: 0 | N91: 0 | O91: 0 | P91: 90+ | Q91: Yes | R91: =DATE(2026,9,23)-C91
A92: RP-1050 | B92: P-2074 | C92: 46127 | E92: 50 | F92: 50 | G92: 0 | H92: 0 | I92: 0 | J92: 0 | K92: 50 | L92: 0 | M92: 0 | N92: 0 | O92: 0 | P92: 90+ | Q92: No | R92: =DATE(2026,9,23)-C92
A93: RP-1050 | B93: P-2075 | C93: 45899 | D93: =TODAY()+41 | E93: 117 | F93: 117 | G93: 0 | H93: 0 | I93: 0 | J93: 0 | K93: 117 | L93: 0 | M93: 0 | N93: 0 | O93: 0 | P93: 90+ | Q93: Yes | R93: =DATE(2026,9,23)-C93
A94: RP-1050 | B94: P-2076 | C94: 46076 | D94: =TODAY()+14 | E94: 28.6 | F94: 28.6 | G94: 0 | H94: 0 | I94: 0 | J94: 0 | K94: 28.6 | L94: 0 | M94: 0 | N94: 0 | O94: 0 | P94: 90+ | Q94: Yes | R94: =DATE(2026,9,23)-C94
A95: RP-1051 | B95: P-2077 | C95: 45997 | E95: 14.2 | F95: 14.2 | G95: 0 | H95: 0 | I95: 0 | J95: 0 | K95: 14.2 | L95: 0 | M95: 0 | N95: 0 | O95: 0 | P95: 90+ | Q95: No | R95: =DATE(2026,9,23)-C95
A96: RP-1052 | B96: P-2078 | C96: 46075 | E96: 12 | F96: 12 | G96: 0 | H96: 0 | I96: 0 | J96: 0 | K96: 12 | L96: 0 | M96: 0 | N96: 0 | O96: 0 | P96: 90+ | Q96: No | R96: =DATE(2026,9,23)-C96
A97: RP-1017 | B97: P-2029 | C97: 46067 | E97: 311 | F97: 311 | G97: 0 | H97: 0 | I97: 0 | J97: 0 | K97: 311 | L97: 0 | M97: 0 | N97: 0 | O97: 0 | P97: 90+ | Q97: No | R97: =DATE(2026,9,23)-C97
A98: RP-1053 | B98: P-2079 | C98: 45919 | E98: 16 | F98: 16 | G98: 0 | H98: 0 | I98: 0 | J98: 0 | K98: 16 | L98: 0 | M98: 0 | N98: 0 | O98: 0 | P98: 90+ | Q98: No | R98: =DATE(2026,9,23)-C98
A99: RP-1030 | B99: P-2049 | C99: 46165 | E99: 396 | F99: 298 | G99: 98 | H99: 0 | I99: 0 | J99: 0 | K99: 298 | L99: 0 | M99: 0 | N99: 0 | O99: 98 | P99: 90+ | Q99: No | R99: =DATE(2026,9,23)-C99
A100: RP-1054 | B100: P-2080 | C100: 45960 | E100: 42 | F100: 42 | G100: 0 | H100: 0 | I100: 0 | J100: 0 | K100: 42 | L100: 0 | M100: 0 | N100: 0 | O100: 0 | P100: 90+ | Q100: No | R100: =DATE(2026,9,23)-C100
...

Sheet Calcs
A1: Calculation tables
A3: Headline
A4: Accounts | B4: =COUNTA(Ledger!B2:B111)
A5: Total owing | B5: =SUM(Ledger!E2:E111)
A6: Patient owing | B6: =SUM(Ledger!F2:F111)
A7: Insurance owing | B7: =SUM(Ledger!G2:G111)
A8: Patient share of open | B8: =IF(B5=0,0,B6/B5)
A9: Patient over 90 | B9: =SUM(Ledger!K2:K111)
A10: 90+ share of patient $ | B10: =IF(B6=0,0,B9/B6)
A11: 90+ accounts (patient $ > 0) | B11: =COUNTIF(Ledger!K2:K111,">0")
A12: 90+ with no next appointment | B12: =COUNTIFS(Ledger!K2:K111,">0",Ledger!Q2:Q111,"No")
A13: Unique responsible parties | B13: =SUMPRODUCT(1/COUNTIF(Ledger!A2:A111,Ledger!A2:A111))
A15: Aging mix — dollars
A16: Bucket | B16: Patient $ | C16: Insurance $ | D16: Total $ | E16: Share
A17: 0–30 | B17: =SUM(Ledger!H2:H111) | C17: =SUM(Ledger!L2:L111) | D17: =B17+C17 | E17: =IF($D$21=0,0,D17/$D$21)
A18: 31–60 | B18: =SUM(Ledger!I2:I111) | C18: =SUM(Ledger!M2:M111) | D18: =B18+C18 | E18: =IF($D$21=0,0,D18/$D$21)
A19: 61–90 | B19: =SUM(Ledger!J2:J111) | C19: =SUM(Ledger!N2:N111) | D19: =B19+C19 | E19: =IF($D$21=0,0,D19/$D$21)
A20: 90+ | B20: =SUM(Ledger!K2:K111) | C20: =SUM(Ledger!O2:O111) | D20: =B20+C20 | E20: =IF($D$21=0,0,D20/$D$21)
A21: Total | B21: =SUM(B17:B20) | C21: =SUM(C17:C20) | D21: =SUM(D17:D20) | E21: =SUM(E17:E20)
A23: Huddle flags
A24: Patient 90+ and no next appointment (work first) | B24: =B12
A25: Open $ on those accounts | B25: =SUMIFS(Ledger!E2:E111,Ledger!K2:K111,">0",Ledger!Q2:Q111,"No")

Sheet Aging pivot
A1: Pivot — aging bucket × patient vs insurance
A2: Live SUMIFS off Ledger. Change a dollar on Ledger and this sheet moves.
A4: Primary bucket | B4: Patient $ | C4: Insurance $ | D4: Accounts | E4: No next appointment
A5: 0–30 | B5: =SUMIF(Ledger!P:P,A5,Ledger!F:F) | C5: =SUMIF(Ledger!P:P,A5,Ledger!G:G) | D5: =COUNTIF(Ledger!P:P,A5) | E5: =COUNTIFS(Ledger!P:P,A5,Ledger!Q:Q,"No")
A6: 31–60 | B6: =SUMIF(Ledger!P:P,A6,Ledger!F:F) | C6: =SUMIF(Ledger!P:P,A6,Ledger!G:G) | D6: =COUNTIF(Ledger!P:P,A6) | E6: =COUNTIFS(Ledger!P:P,A6,Ledger!Q:Q,"No")
A7: 61–90 | B7: =SUMIF(Ledger!P:P,A7,Ledger!F:F) | C7: =SUMIF(Ledger!P:P,A7,Ledger!G:G) | D7: =COUNTIF(Ledger!P:P,A7) | E7: =COUNTIFS(Ledger!P:P,A7,Ledger!Q:Q,"No")
A8: 90+ | B8: =SUMIF(Ledger!P:P,A8,Ledger!F:F) | C8: =SUMIF(Ledger!P:P,A8,Ledger!G:G) | D8: =COUNTIF(Ledger!P:P,A8) | E8: =COUNTIFS(Ledger!P:P,A8,Ledger!Q:Q,"No")
A9: Total | B9: =SUM(B5:B8) | C9: =SUM(C5:C8) | D9: =SUM(D5:D8) | E9: =SUM(E5:E8)
A11: Pivot — responsible party (open $ ≥ $200)
A12: Filter this table in Excel (Data → Filter) or insert a PivotTable from ARLedger.
A13: Responsible Party Patient ID | B13: Total owing | C13: Patient $ | D13: Insurance $
A14: RP-1030 | B14: =SUMIF(Ledger!A:A,A14,Ledger!E:E) | C14: =SUMIF(Ledger!A:A,A14,Ledger!F:F) | D14: =SUMIF(Ledger!A:A,A14,Ledger!G:G)
A15: RP-1038 | B15: =SUMIF(Ledger!A:A,A15,Ledger!E:E) | C15: =SUMIF(Ledger!A:A,A15,Ledger!F:F) | D15: =SUMIF(Ledger!A:A,A15,Ledger!G:G)
A16: RP-1055 | B16: =SUMIF(Ledger!A:A,A16,Ledger!E:E) | C16: =SUMIF(Ledger!A:A,A16,Ledger!F:F) | D16: =SUMIF(Ledger!A:A,A16,Ledger!G:G)
A17: RP-1019 | B17: =SUMIF(Ledger!A:A,A17,Ledger!E:E) | C17: =SUMIF(Ledger!A:A,A17,Ledger!F:F) | D17: =SUMIF(Ledger!A:A,A17,Ledger!G:G)
A18: RP-1015 | B18: =SUMIF(Ledger!A:A,A18,Ledger!E:E) | C18: =SUMIF(Ledger!A:A,A18,Ledger!F:F) | D18: =SUMIF(Ledger!A:A,A18,Ledger!G:G)
A19: RP-1023 | B19: =SUMIF(Ledger!A:A,A19,Ledger!E:E) | C19: =SUMIF(Ledger!A:A,A19,Ledger!F:F) | D19: =SUMIF(Ledger!A:A,A19,Ledger!G:G)
A20: RP-1027 | B20: =SUMIF(Ledger!A:A,A20,Ledger!E:E) | C20: =SUMIF(Ledger!A:A,A20,Ledger!F:F) | D20: =SUMIF(Ledger!A:A,A20,Ledger!G:G)
A21: RP-1005 | B21: =SUMIF(Ledger!A:A,A21,Ledger!E:E) | C21: =SUMIF(Ledger!A:A,A21,Ledger!F:F) | D21: =SUMIF(Ledger!A:A,A21,Ledger!G:G)
A22: RP-1009 | B22: =SUMIF(Ledger!A:A,A22,Ledger!E:E) | C22: =SUMIF(Ledger!A:A,A22,Ledger!F:F) | D22: =SUMIF(Ledger!A:A,A22,Ledger!G:G)
A23: RP-1017 | B23: =SUMIF(Ledger!A:A,A23,Ledger!E:E) | C23: =SUMIF(Ledger!A:A,A23,Ledger!F:F) | D23: =SUMIF(Ledger!A:A,A23,Ledger!G:G)
A24: RP-1007 | B24: =SUMIF(Ledger!A:A,A24,Ledger!E:E) | C24: =SUMIF(Ledger!A:A,A24,Ledger!F:F) | D24: =SUMIF(Ledger!A:A,A24,Ledger!G:G)
A25: RP-1043 | B25: =SUMIF(Ledger!A:A,A25,Ledger!E:E) | C25: =SUMIF(Ledger!A:A,A25,Ledger!F:F) | D25: =SUMIF(Ledger!A:A,A25,Ledger!G:G)
... A28: RP-1012 | B28: =SUMIF(Ledger!A:A,A28,Ledger!E:E) | C28: =SUMIF(Ledger!A:A,A28,Ledger!F:F) | D28: =SUMIF(Ledger!A:A,A28,Ledger!G:G)
A30: Next appointment
A31: Status | B31: Patients | C31: Open $ | D31: Share
A32: Scheduled | B32: =COUNTIF(Ledger!Q2:Q111,"Yes") | C32: =SUMIF(Ledger!Q2:Q111,"Yes",Ledger!E2:E111) | D32: =IF($B$34=0,0,B32/$B$34)
A33: Not scheduled | B33: =COUNTIF(Ledger!Q2:Q111,"No") | C33: =SUMIF(Ledger!Q2:Q111,"No",Ledger!E2:E111) | D33: =IF($B$34=0,0,B33/$B$34)
A34: Total | B34: =SUM(B32:B33) | C34: =SUM(C32:C33) | D34: =SUM(D32:D33)
