Workbook

Sheet How to use
B2: How to use this tracker
B3: Built for a dental operations analyst · Excel tables, not a PMS replacement
B5: What this is
B6: A working A/R book you can run every morning: open insurance vs patient dollars, aging, and a follow-up list. Dashboard numbers are live formulas against AR Ledger.
B9: What you type
B10: On AR Ledger: claim, patient ID (not full name in a shared file), dates, CDT, payer, charge, payments, adjustments, status, next follow-up, owner, notes. Dropdowns sit on Location, Payer, Balance type, Status, and Owner.
B13: What you never type over
B14: Balance (Charge − insurance paid − patient paid − adjustment), Age in days from Date billed, Aging bucket, and Needs follow-up (Yes when a balance remains and follow-up date is today or earlier).
B17: Daily rhythm
B18: Open Dashboard → work Follow-up queue → touch the ledger (payment, status, or a new follow-up date). 90+ and denied claims get the first hour. Patient A/R after insurance posts.
B21: From your PMS
B22: Export claims with DOS, billed date, payer, charges, and payments. Paste values into columns A–N and R–V. Restore the formulas in O–Q and W if a paste wipes them (copy row 2 down).
... B26: Sample rows use Patient ID P-#### and last-initial names. Keep real PHI in the PMS or a locked store. Do not email this file with live patient names.

Sheet Dashboard
A1: DENTAL ACCOUNTS RECEIVABLE
A2: Operations tracker · sample data as of 22 Sep 2026 · replace the ledger, keep the formulas
B3: Total open A/R | D3: Insurance A/R | F3: Patient A/R
B4: =SUMIF('AR Ledger'!O:O,">0",'AR Ledger'!O:O) | D4: =SUMIFS('AR Ledger'!O:O,'AR Ledger'!R:R,"Insurance",'AR Ledger'!O:O,">0") | F4: =SUMIFS('AR Ledger'!O:O,'AR Ledger'!R:R,"Patient",'AR Ledger'!O:O,">0")
B7: Open claims | D7: Follow-ups due | F7: 90+ days $
B8: =COUNTIF('AR Ledger'!O:O,">0") | D8: =COUNTIF('AR Ledger'!W:W,"Yes") | F8: =SUMIF('AR Ledger'!Q:Q,"90+",'AR Ledger'!O:O)
B11: Aging of open balances | E11: Open $ by payer
B12: Bucket | C12: Open $ | D12: % of A/R | E12: Payer | F12: Open $
B13: 0–30 | C13: =SUMIF('AR Ledger'!Q:Q,B13,'AR Ledger'!O:O) | D13: =IF(B4=0,0,C13/B4) | E13: Delta Dental | F13: =SUMIFS('AR Ledger'!O:O,'AR Ledger'!J:J,E13,'AR Ledger'!O:O,">0")
B14: 31–60 | C14: =SUMIF('AR Ledger'!Q:Q,B14,'AR Ledger'!O:O) | D14: =IF(B4=0,0,C14/B4) | E14: MetLife | F14: =SUMIFS('AR Ledger'!O:O,'AR Ledger'!J:J,E14,'AR Ledger'!O:O,">0")
B15: 61–90 | C15: =SUMIF('AR Ledger'!Q:Q,B15,'AR Ledger'!O:O) | D15: =IF(B4=0,0,C15/B4) | E15: Aetna | F15: =SUMIFS('AR Ledger'!O:O,'AR Ledger'!J:J,E15,'AR Ledger'!O:O,">0")
B16: 90+ | C16: =SUMIF('AR Ledger'!Q:Q,B16,'AR Ledger'!O:O) | D16: =IF(B4=0,0,C16/B4) | E16: Cigna | F16: =SUMIFS('AR Ledger'!O:O,'AR Ledger'!J:J,E16,'AR Ledger'!O:O,">0")
E17: Guardian | F17: =SUMIFS('AR Ledger'!O:O,'AR Ledger'!J:J,E17,'AR Ledger'!O:O,">0")
B18: 90+ as % of open A/R | E18: Medicaid | F18: =SUMIFS('AR Ledger'!O:O,'AR Ledger'!J:J,E18,'AR Ledger'!O:O,">0")
B19: =IF(B4=0,0,F8/B4) | E19: Self-pay | F19: =SUMIFS('AR Ledger'!O:O,'AR Ledger'!J:J,E19,'AR Ledger'!O:O,">0")
B32: How to run this on Monday
B33: 1. Paste or enter new claims on AR Ledger. Do not type over columns O–Q or W — those are formulas.
B34: 2. Set Next follow-up when you touch a claim. Dashboard “Follow-ups due” counts rows where that date is today or past and a balance remains.
B35: 3. Filter Aging bucket = 90+ and Status not closed. That is the money at risk of write-off or collections.
B36: 4. Split Insurance vs Patient A/R before the huddle. Insurance work is payer calls; patient work is statements and plans.
B37: 5. When a claim pays, enter Insurance paid / Patient paid / Adjustment. Balance drops to $0 and aging goes to —.
B38: Sample patients are de-identified (P-####). Do not put real names or full member IDs in a shared file.

Sheet AR Ledger
A1: Claim ID | B1: Patient ID | C1: Patient (de-identified) | D1: Provider | E1: Location | F1: DOS | G1: Date billed | H1: CDT | I1: Description | J1: Payer | K1: Charge | L1: Insurance paid | M1: Patient paid | N1: Adjustment | O1: Balance | P1: Age (days) | Q1: Aging bucket | R1: Balance type | S1: Status | T1: Denial / hold reason | U1: Next follow-up | V1: Owner | W1: Needs follow-up | X1: Notes
A2: CL-10421 | B2: P-1008 | C2: Rivera, A. | D2: Dr. Chen | E2: Main | F2: 46275 | G2: 46277 | H2: D0120 | I2: Periodic oral eval | J2: Delta Dental | K2: 68 | L2: 0 | M2: 0 | N2: 0 | O2: =MAX(0,K2-L2-M2-N2) | P2: =IF(G2="","",TODAY()-G2) | Q2: =IF(O2=0,"—",IF(P2<=30,"0–30",IF(P2<=60,"31–60",IF(P2<=90,"61–90","90+")))) | R2: Insurance | S2: Pending insurance | U2: 46292 | V2: Haley | W2: =IF(AND(O2>0,U2<>"",U2<=TODAY()),"Yes","No") | X2: Awaiting ERA
A3: CL-10422 | B3: P-1014 | C3: Nguyen, T. | D3: Dr. Patel | E3: Main | F3: 46269 | G3: 46271 | H3: D1110 | I3: Adult prophylaxis | J3: MetLife | K3: 124 | L3: 86 | M3: 0 | N3: 0 | O3: =MAX(0,K3-L3-M3-N3) | P3: =IF(G3="","",TODAY()-G3) | Q3: =IF(O3=0,"—",IF(P3<=30,"0–30",IF(P3<=60,"31–60",IF(P3<=90,"61–90","90+")))) | R3: Patient | S3: Patient billed | U3: 46289 | V3: Haley | W3: =IF(AND(O3>0,U3<>"",U3<=TODAY()),"Yes","No") | X3: EOB posted; $38 patient
A4: CL-10408 | B4: P-1022 | C4: Brooks, J. | D4: Dr. Chen | E4: North | F4: 46246 | G4: 46249 | H4: D2391 | I4: Resin 1 surface post. | J4: Aetna | K4: 215 | L4: 0 | M4: 0 | N4: 0 | O4: =MAX(0,K4-L4-M4-N4) | P4: =IF(G4="","",TODAY()-G4) | Q4: =IF(O4=0,"—",IF(P4<=30,"0–30",IF(P4<=60,"31–60",IF(P4<=90,"61–90","90+")))) | R4: Insurance | S4: Pending insurance | U4: 46284 | V4: Haley | W4: =IF(AND(O4>0,U4<>"",U4<=TODAY()),"Yes","No") | X4: No ERA at 38 days — call payer
A5: CL-10390 | B5: P-1003 | C5: Okoye, M. | D5: Dr. Patel | E5: Main | F5: 46225 | G5: 46229 | H5: D2740 | I5: Crown — porcelain/ceramic | J5: Cigna | K5: 1285 | L5: 842 | M5: 0 | N5: 0 | O5: =MAX(0,K5-L5-M5-N5) | P5: =IF(G5="","",TODAY()-G5) | Q5: =IF(O5=0,"—",IF(P5<=30,"0–30",IF(P5<=60,"31–60",IF(P5<=90,"61–90","90+")))) | R5: Patient | S5: Patient billed | U5: 46279 | V5: Haley | W5: =IF(AND(O5>0,U5<>"",U5<=TODAY()),"Yes","No") | X5: Statement 2 sent
A6: CL-10371 | B6: P-1031 | C6: Ellis, S. | D6: Dr. Chen | E6: Main | F6: 46191 | G6: 46195 | H6: D4341 | I6: Perio scaling quadrant | J6: Delta Dental | K6: 312 | L6: 0 | M6: 0 | N6: 0 | O6: =MAX(0,K6-L6-M6-N6) | P6: =IF(G6="","",TODAY()-G6) | Q6: =IF(O6=0,"—",IF(P6<=30,"0–30",IF(P6<=60,"31–60",IF(P6<=90,"61–90","90+")))) | R6: Insurance | S6: Denied — appeal | T6: Missing perio chart | U6: 46288 | V6: Haley | W6: =IF(AND(O6>0,U6<>"",U6<=TODAY()),"Yes","No") | X6: Chart attached; appeal day 4
A7: CL-10430 | B7: P-1019 | C7: Hassan, L. | D7: Dr. Ruiz | E7: North | F7: 46280 | G7: 46282 | H7: D0150 | I7: Comprehensive oral eval | J7: Guardian | K7: 98 | L7: 0 | M7: 0 | N7: 0 | O7: =MAX(0,K7-L7-M7-N7) | P7: =IF(G7="","",TODAY()-G7) | Q7: =IF(O7=0,"—",IF(P7<=30,"0–30",IF(P7<=60,"31–60",IF(P7<=90,"61–90","90+")))) | R7: Insurance | S7: Pending insurance | U7: 46299 | V7: Haley | W7: =IF(AND(O7>0,U7<>"",U7<=TODAY()),"Yes","No")
A8: CL-10355 | B8: P-1001 | C8: Park, H. | D8: Dr. Patel | E8: Main | F8: 46166 | G8: 46169 | H8: D2750 | I8: Crown — PFM | J8: Aetna | K8: 1140 | L8: 0 | M8: 0 | N8: 1140 | O8: =MAX(0,K8-L8-M8-N8) | P8: =IF(G8="","",TODAY()-G8) | Q8: =IF(O8=0,"—",IF(P8<=30,"0–30",IF(P8<=60,"31–60",IF(P8<=90,"61–90","90+")))) | R8: Closed | S8: Adjusted / written off | T8: Timely filing | V8: Office mgr | W8: =IF(AND(O8>0,U8<>"",U8<=TODAY()),"Yes","No") | X8: Write-off approved 9/8
A9: CL-10418 | B9: P-1027 | C9: Diaz, C. | D9: Dr. Ruiz | E9: North | F9: 46266 | G9: 46268 | H9: D2392 | I9: Resin 2 surface post. | J9: MetLife | K9: 268 | L9: 174 | M9: 94 | N9: 0 | O9: =MAX(0,K9-L9-M9-N9) | P9: =IF(G9="","",TODAY()-G9) | Q9: =IF(O9=0,"—",IF(P9<=30,"0–30",IF(P9<=60,"31–60",IF(P9<=90,"61–90","90+")))) | R9: Closed | S9: Paid in full | V9: Haley | W9: =IF(AND(O9>0,U9<>"",U9<=TODAY()),"Yes","No")
A10: CL-10402 | B10: P-1011 | C10: Walsh, K. | D10: Dr. Chen | E10: Main | F10: 46238 | G10: 46241 | H10: D0220 | I10: Intraoral — first PA | J10: Medicaid | K10: 42 | L10: 0 | M10: 0 | N10: 0 | O10: =MAX(0,K10-L10-M10-N10) | P10: =IF(G10="","",TODAY()-G10) | Q10: =IF(O10=0,"—",IF(P10<=30,"0–30",IF(P10<=60,"31–60",IF(P10<=90,"61–90","90+")))) | R10: Insurance | S10: Pending insurance | U10: 46286 | V10: Haley | W10: =IF(AND(O10>0,U10<>"",U10<=TODAY()),"Yes","No") | X10: Portal shows in review
A11: CL-10388 | B11: P-1006 | C11: Ibrahim, N. | D11: Dr. Patel | E11: Main | F11: 46213 | G11: 46217 | H11: D6010 | I11: Surgical implant | J11: Self-pay | K11: 2450 | L11: 0 | M11: 800 | N11: 0 | O11: =MAX(0,K11-L11-M11-N11) | P11: =IF(G11="","",TODAY()-G11) | Q11: =IF(O11=0,"—",IF(P11<=30,"0–30",IF(P11<=60,"31–60",IF(P11<=90,"61–90","90+")))) | R11: Patient | S11: Payment plan | U11: 46295 | V11: Front desk | W11: =IF(AND(O11>0,U11<>"",U11<=TODAY()),"Yes","No") | X11: Plan $400 / mo · 4 left
A12: CL-10425 | B12: P-1033 | C12: Grant, E. | D12: Dr. Chen | E12: North | F12: 46278 | G12: 46279 | H12: D0274 | I12: Bitewings — four | J12: Delta Dental | K12: 86 | L12: 69 | M12: 0 | N12: 0 | O12: =MAX(0,K12-L12-M12-N12) | P12: =IF(G12="","",TODAY()-G12) | Q12: =IF(O12=0,"—",IF(P12<=30,"0–30",IF(P12<=60,"31–60",IF(P12<=90,"61–90","90+")))) | R12: Patient | S12: Patient billed | U12: 46293 | V12: Haley | W12: =IF(AND(O12>0,U12<>"",U12<=TODAY()),"Yes","No")
A13: CL-10364 | B13: P-1016 | C13: Sato, Y. | D13: Dr. Ruiz | E13: Main | F13: 46179 | G13: 46183 | H13: D8090 | I13: Comp orthodontic treatment | J13: Cigna | K13: 4200 | L13: 2100 | M13: 0 | N13: 0 | O13: =MAX(0,K13-L13-M13-N13) | P13: =IF(G13="","",TODAY()-G13) | Q13: =IF(O13=0,"—",IF(P13<=30,"0–30",IF(P13<=60,"31–60",IF(P13<=90,"61–90","90+")))) | R13: Patient | S13: Collections review | U13: 46273 | V13: Office mgr | W13: =IF(AND(O13>0,U13<>"",U13<=TODAY()),"Yes","No") | X13: Balance 90+ · send to collections?
A14: CL-10411 | B14: P-1024 | C14: Miller, P. | D14: Dr. Patel | E14: Main | F14: 46254 | G14: 46257 | H14: D2140 | I14: Amalgam 1 surface | J14: Guardian | K14: 168 | L14: 0 | M14: 0 | N14: 0 | O14: =MAX(0,K14-L14-M14-N14) | P14: =IF(G14="","",TODAY()-G14) | Q14: =IF(O14=0,"—",IF(P14<=30,"0–30",IF(P14<=60,"31–60",IF(P14<=90,"61–90","90+")))) | R14: Insurance | S14: Denied — correct/resubmit | T14: Tooth number missing | U14: 46287 | V14: Haley | W14: =IF(AND(O14>0,U14<>"",U14<=TODAY()),"Yes","No") | X14: Resubmit today
A15: CL-10433 | B15: P-1009 | C15: Cole, R. | D15: Dr. Chen | E15: North | F15: 46283 | G15: 46284 | H15: D1110 | I15: Adult prophylaxis | J15: MetLife | K15: 124 | L15: 0 | M15: 0 | N15: 0 | O15: =MAX(0,K15-L15-M15-N15) | P15: =IF(G15="","",TODAY()-G15) | Q15: =IF(O15=0,"—",IF(P15<=30,"0–30",IF(P15<=60,"31–60",IF(P15<=90,"61–90","90+")))) | R15: Insurance | S15: Pending insurance | U15: 46301 | V15: Haley | W15: =IF(AND(O15>0,U15<>"",U15<=TODAY()),"Yes","No") | X15: Fresh claim
A16: CL-10397 | B16: P-1029 | C16: Bennett, F. | D16: Dr. Ruiz | E16: Main | F16: 46232 | G16: 46235 | H16: D3310 | I16: Endo — anterior | J16: Aetna | K16: 890 | L16: 623 | M16: 0 | N16: 0 | O16: =MAX(0,K16-L16-M16-N16) | P16: =IF(G16="","",TODAY()-G16) | Q16: =IF(O16=0,"—",IF(P16<=30,"0–30",IF(P16<=60,"31–60",IF(P16<=90,"61–90","90+")))) | R16: Patient | S16: Patient billed | U16: 46282 | V16: Haley | W16: =IF(AND(O16>0,U16<>"",U16<=TODAY()),"Yes","No") | X16: Voicemail 9/17
A17: CL-10415 | B17: P-1004 | C17: Singh, D. | D17: Dr. Patel | E17: North | F17: 46261 | G17: 46263 | H17: D7140 | I17: Extraction erupted tooth | J17: Delta Dental | K17: 215 | L17: 172 | M17: 43 | N17: 0 | O17: =MAX(0,K17-L17-M17-N17) | P17: =IF(G17="","",TODAY()-G17) | Q17: =IF(O17=0,"—",IF(P17<=30,"0–30",IF(P17<=60,"31–60",IF(P17<=90,"61–90","90+")))) | R17: Closed | S17: Paid in full | V17: Haley | W17: =IF(AND(O17>0,U17<>"",U17<=TODAY()),"Yes","No")
A18: CL-10380 | B18: P-1018 | C18: Young, B. | D18: Dr. Chen | E18: Main | F18: 46204 | G18: 46207 | H18: D4260 | I18: Osseous surgery quadrant | J18: Cigna | K18: 980 | L18: 0 | M18: 0 | N18: 0 | O18: =MAX(0,K18-L18-M18-N18) | P18: =IF(G18="","",TODAY()-G18) | Q18: =IF(O18=0,"—",IF(P18<=30,"0–30",IF(P18<=60,"31–60",IF(P18<=90,"61–90","90+")))) | R18: Insurance | S18: Pending insurance | U18: 46277 | V18: Haley | W18: =IF(AND(O18>0,U18<>"",U18<=TODAY()),"Yes","No") | X18: Payer requested x-rays — sent 9/4
A19: CL-10428 | B19: P-1035 | C19: Ortiz, V. | D19: Dr. Ruiz | E19: North | F19: 46281 | G19: 46282 | H19: D1206 | I19: Fluoride varnish | J19: Medicaid | K19: 38 | L19: 38 | M19: 0 | N19: 0 | O19: =MAX(0,K19-L19-M19-N19) | P19: =IF(G19="","",TODAY()-G19) | Q19: =IF(O19=0,"—",IF(P19<=30,"0–30",IF(P19<=60,"31–60",IF(P19<=90,"61–90","90+")))) | R19: Closed | S19: Paid in full | V19: Haley | W19: =IF(AND(O19>0,U19<>"",U19<=TODAY()),"Yes","No")
A20: CL-10392 | B20: P-1012 | C20: Klein, J. | D20: Dr. Patel | E20: Main | F20: 46220 | G20: 46224 | H20: D2950 | I20: Core buildup | J20: Guardian | K20: 285 | L20: 142 | M20: 0 | N20: 0 | O20: =MAX(0,K20-L20-M20-N20) | P20: =IF(G20="","",TODAY()-G20) | Q20: =IF(O20=0,"—",IF(P20<=30,"0–30",IF(P20<=60,"31–60",IF(P20<=90,"61–90","90+")))) | R20: Patient | S20: Patient billed | U20: 46290 | V20: Front desk | W20: =IF(AND(O20>0,U20<>"",U20<=TODAY()),"Yes","No")
A21: CL-10406 | B21: P-1020 | C21: Adeyemi, K. | D21: Dr. Chen | E21: Main | F21: 46243 | G21: 46246 | H21: D0220 | I21: Intraoral — first PA | J21: Self-pay | K21: 42 | L21: 0 | M21: 0 | N21: 0 | O21: =MAX(0,K21-L21-M21-N21) | P21: =IF(G21="","",TODAY()-G21) | Q21: =IF(O21=0,"—",IF(P21<=30,"0–30",IF(P21<=60,"31–60",IF(P21<=90,"61–90","90+")))) | R21: Patient | S21: Patient billed | U21: 46285 | V21: Front desk | W21: =IF(AND(O21>0,U21<>"",U21<=TODAY()),"Yes","No") | X21: No insurance on file
A22: CL-10377 | B22: P-1007 | C22: Foster, L. | D22: Dr. Ruiz | E22: North | F22: 46196 | G22: 46199 | H22: D2740 | I22: Crown — porcelain/ceramic | J22: MetLife | K22: 1285 | L22: 0 | M22: 0 | N22: 0 | O22: =MAX(0,K22-L22-M22-N22) | P22: =IF(G22="","",TODAY()-G22) | Q22: =IF(O22=0,"—",IF(P22<=30,"0–30",IF(P22<=60,"31–60",IF(P22<=90,"61–90","90+")))) | R22: Insurance | S22: Denied — appeal | T22: COB not on file | U22: 46291 | V22: Haley | W22: =IF(AND(O22>0,U22<>"",U22<=TODAY()),"Yes","No") | X22: Waiting primary EOB from patient
A23: CL-10419 | B23: P-1030 | C23: Hale, M. | D23: Dr. Patel | E23: Main | F23: 46272 | G23: 46273 | H23: D0140 | I23: Limited oral eval | J23: Aetna | K23: 82 | L23: 57 | M23: 25 | N23: 0 | O23: =MAX(0,K23-L23-M23-N23) | P23: =IF(G23="","",TODAY()-G23) | Q23: =IF(O23=0,"—",IF(P23<=30,"0–30",IF(P23<=60,"31–60",IF(P23<=90,"61–90","90+")))) | R23: Closed | S23: Paid in full | V23: Haley | W23: =IF(AND(O23>0,U23<>"",U23<=TODAY()),"Yes","No")
A24: CL-10399 | B24: P-1015 | C24: Qureshi, A. | D24: Dr. Chen | E24: North | F24: 46236 | G24: 46239 | H24: D4342 | I24: Perio scaling 1-3 teeth | J24: Delta Dental | K24: 198 | L24: 0 | M24: 0 | N24: 0 | O24: =MAX(0,K24-L24-M24-N24) | P24: =IF(G24="","",TODAY()-G24) | Q24: =IF(O24=0,"—",IF(P24<=30,"0–30",IF(P24<=60,"31–60",IF(P24<=90,"61–90","90+")))) | R24: Insurance | S24: Pending insurance | U24: 46288 | V24: Haley | W24: =IF(AND(O24>0,U24<>"",U24<=TODAY()),"Yes","No")
A25: CL-10368 | B25: P-1026 | C25: Reed, S. | D25: Dr. Ruiz | E25: Main | F25: 46175 | G25: 46178 | H25: D5110 | I25: Complete denture — maxillary | J25: Medicaid | K25: 680 | L25: 420 | M25: 0 | N25: 0 | O25: =MAX(0,K25-L25-M25-N25) | P25: =IF(G25="","",TODAY()-G25) | Q25: =IF(O25=0,"—",IF(P25<=30,"0–30",IF(P25<=60,"31–60",IF(P25<=90,"61–90","90+")))) | R25: Patient | S25: Collections review | U25: 46266 | V25: Office mgr | W25: =IF(AND(O25>0,U25<>"",U25<=TODAY()),"Yes","No") | X25: Patient unreachable
A26: CL-10431 | B26: P-1002 | C26: Vargas, I. | D26: Dr. Patel | E26: Main | F26: 46284 | G26: 46285 | H26: D0120 | I26: Periodic oral eval | J26: Cigna | K26: 68 | L26: 0 | M26: 0 | N26: 0 | O26: =MAX(0,K26-L26-M26-N26) | P26: =IF(G26="","",TODAY()-G26) | Q26: =IF(O26=0,"—",IF(P26<=30,"0–30",IF(P26<=60,"31–60",IF(P26<=90,"61–90","90+")))) | R26: Insurance | S26: Pending insurance | U26: 46303 | V26: Haley | W26: =IF(AND(O26>0,U26<>"",U26<=TODAY()),"Yes","No")

Sheet Lists
A1: Status | B1: Balance type | C1: Payer | D1: Location | E1: Owner
A2: Pending insurance | B2: Insurance | C2: Delta Dental | D2: Main | E2: Haley
A3: Denied — correct/resubmit | B3: Patient | C3: MetLife | D3: North | E3: Front desk
A4: Denied — appeal | B4: Split | C4: Aetna | E4: Office mgr
A5: Patient billed | B5: Closed | C5: Cigna
A6: Payment plan | C6: Guardian
A7: Collections review | C7: Medicaid
A8: Paid in full | C8: Self-pay
A9: Adjusted / written off

Sheet Follow-up queue
A1: FOLLOW-UP QUEUE
A2: Filter the ledger where Needs follow-up = Yes, or use this working list. Add rows as you work the day.
A4: Claim ID | B4: Patient ID | C4: Payer | D4: Balance | E4: Status | F4: Next follow-up | G4: Owner | H4: Action today
A5: =IF('AR Ledger'!W2="Yes",'AR Ledger'!A2,"") | B5: =IF(A5="","",'AR Ledger'!B2) | C5: =IF(A5="","",'AR Ledger'!J2) | D5: =IF(A5="","",'AR Ledger'!O2) | E5: =IF(A5="","",'AR Ledger'!S2) | F5: =IF(A5="","",'AR Ledger'!U2) | G5: =IF(A5="","",'AR Ledger'!V2)
A6: =IF('AR Ledger'!W3="Yes",'AR Ledger'!A3,"") | B6: =IF(A6="","",'AR Ledger'!B3) | C6: =IF(A6="","",'AR Ledger'!J3) | D6: =IF(A6="","",'AR Ledger'!O3) | E6: =IF(A6="","",'AR Ledger'!S3) | F6: =IF(A6="","",'AR Ledger'!U3) | G6: =IF(A6="","",'AR Ledger'!V3)
A7: =IF('AR Ledger'!W4="Yes",'AR Ledger'!A4,"") | B7: =IF(A7="","",'AR Ledger'!B4) | C7: =IF(A7="","",'AR Ledger'!J4) | D7: =IF(A7="","",'AR Ledger'!O4) | E7: =IF(A7="","",'AR Ledger'!S4) | F7: =IF(A7="","",'AR Ledger'!U4) | G7: =IF(A7="","",'AR Ledger'!V4)
A8: =IF('AR Ledger'!W5="Yes",'AR Ledger'!A5,"") | B8: =IF(A8="","",'AR Ledger'!B5) | C8: =IF(A8="","",'AR Ledger'!J5) | D8: =IF(A8="","",'AR Ledger'!O5) | E8: =IF(A8="","",'AR Ledger'!S5) | F8: =IF(A8="","",'AR Ledger'!U5) | G8: =IF(A8="","",'AR Ledger'!V5)
A9: =IF('AR Ledger'!W6="Yes",'AR Ledger'!A6,"") | B9: =IF(A9="","",'AR Ledger'!B6) | C9: =IF(A9="","",'AR Ledger'!J6) | D9: =IF(A9="","",'AR Ledger'!O6) | E9: =IF(A9="","",'AR Ledger'!S6) | F9: =IF(A9="","",'AR Ledger'!U6) | G9: =IF(A9="","",'AR Ledger'!V6)
A10: =IF('AR Ledger'!W7="Yes",'AR Ledger'!A7,"") | B10: =IF(A10="","",'AR Ledger'!B7) | C10: =IF(A10="","",'AR Ledger'!J7) | D10: =IF(A10="","",'AR Ledger'!O7) | E10: =IF(A10="","",'AR Ledger'!S7) | F10: =IF(A10="","",'AR Ledger'!U7) | G10: =IF(A10="","",'AR Ledger'!V7)
A11: =IF('AR Ledger'!W8="Yes",'AR Ledger'!A8,"") | B11: =IF(A11="","",'AR Ledger'!B8) | C11: =IF(A11="","",'AR Ledger'!J8) | D11: =IF(A11="","",'AR Ledger'!O8) | E11: =IF(A11="","",'AR Ledger'!S8) | F11: =IF(A11="","",'AR Ledger'!U8) | G11: =IF(A11="","",'AR Ledger'!V8)
A12: =IF('AR Ledger'!W9="Yes",'AR Ledger'!A9,"") | B12: =IF(A12="","",'AR Ledger'!B9) | C12: =IF(A12="","",'AR Ledger'!J9) | D12: =IF(A12="","",'AR Ledger'!O9) | E12: =IF(A12="","",'AR Ledger'!S9) | F12: =IF(A12="","",'AR Ledger'!U9) | G12: =IF(A12="","",'AR Ledger'!V9)
A13: =IF('AR Ledger'!W10="Yes",'AR Ledger'!A10,"") | B13: =IF(A13="","",'AR Ledger'!B10) | C13: =IF(A13="","",'AR Ledger'!J10) | D13: =IF(A13="","",'AR Ledger'!O10) | E13: =IF(A13="","",'AR Ledger'!S10) | F13: =IF(A13="","",'AR Ledger'!U10) | G13: =IF(A13="","",'AR Ledger'!V10)
A14: =IF('AR Ledger'!W11="Yes",'AR Ledger'!A11,"") | B14: =IF(A14="","",'AR Ledger'!B11) | C14: =IF(A14="","",'AR Ledger'!J11) | D14: =IF(A14="","",'AR Ledger'!O11) | E14: =IF(A14="","",'AR Ledger'!S11) | F14: =IF(A14="","",'AR Ledger'!U11) | G14: =IF(A14="","",'AR Ledger'!V11)
A15: =IF('AR Ledger'!W12="Yes",'AR Ledger'!A12,"") | B15: =IF(A15="","",'AR Ledger'!B12) | C15: =IF(A15="","",'AR Ledger'!J12) | D15: =IF(A15="","",'AR Ledger'!O12) | E15: =IF(A15="","",'AR Ledger'!S12) | F15: =IF(A15="","",'AR Ledger'!U12) | G15: =IF(A15="","",'AR Ledger'!V12)
A16: =IF('AR Ledger'!W13="Yes",'AR Ledger'!A13,"") | B16: =IF(A16="","",'AR Ledger'!B13) | C16: =IF(A16="","",'AR Ledger'!J13) | D16: =IF(A16="","",'AR Ledger'!O13) | E16: =IF(A16="","",'AR Ledger'!S13) | F16: =IF(A16="","",'AR Ledger'!U13) | G16: =IF(A16="","",'AR Ledger'!V13)
... A29: =IF('AR Ledger'!W26="Yes",'AR Ledger'!A26,"") | B29: =IF(A29="","",'AR Ledger'!B26) | C29: =IF(A29="","",'AR Ledger'!J26) | D29: =IF(A29="","",'AR Ledger'!O26) | E29: =IF(A29="","",'AR Ledger'!S26) | F29: =IF(A29="","",'AR Ledger'!U26) | G29: =IF(A29="","",'AR Ledger'!V26)
